Parameter,Address,Hex
P0-01,61441,F001
P0-02,61442,F002
P0-03,61443,F003
P0-04,61444,F004
P0-05,61445,F005
P0-06,61446,F006
P0-07,61447,F007
P0-08,61448,F008
P0-09,61449,F009
P0-10,61450,F00A
P0-11,61451,F00B
P0-12,61452,F00C
P0-13,61453,F00D
P0-14,61454,F00E
P0-15,61455,F00F
P0-16,61456,F010
P0-17,61457,F011
P0-18,61458,F012
P0-19,61459,F013
P0-20,61460,F014
P0-21,61461,F015
P0-22,61462,F016
P0-23,61463,F017
P0-24,61464,F018
P0-25,61465,F019
P0-26,61466,F01A
P0-27,61467,F01B
P0-28,61468,F01C
P1-00,61696,F100
P1-01,61697,F101
P1-02,61698,F102
P1-03,61699,F103
P1-04,61700,F104
P1-05,61701,F105
P1-06,61702,F106
P1-07,61703,F107
P1-08,61704,F108
P1-09,61705,F109
P1-10,61706,F10A
P1-11,61707,F10B
P1-12,61708,F10C
P1-13,61709,F10D
P1-14,61710,F10E
P1-15,61711,F10F
P1-16,61712,F110
P1-17,61713,F111
P1-18,61714,F112
P1-19,61715,F113
P1-20,61716,F114
P1-21,61717,F115
P1-22,61718,F116
P1-23,61719,F117
P1-24,61720,F118
P1-25,61721,F119
P1-26,61722,F11A
P1-27,61723,F11B
P1-28,61724,F11C
P1-29,61725,F11D
P1-30,61726,F11E
P1-31,61727,F11F
P1-32,61728,F120
P1-33,61729,F121
P1-34,61730,F122
P1-35,61731,F123
P1-36,61732,F124
P1-37,61733,F125
P2-00,61952,F200
P2-01,61953,F201
P2-02,61954,F202
P2-03,61955,F203
P2-04,61956,F204
P2-05,61957,F205
P2-06,61958,F206
P2-07,61959,F207
P2-08,61960,F208
P2-09,61961,F209
P2-10,61962,F20A
P2-11,61963,F20B
P2-12,61964,F20C
P2-13,61965,F20D
P2-14,61966,F20E
P2-15,61967,F20F
P2-16,61968,F210
P2-17,61969,F211
P2-18,61970,F212
P2-19,61971,F213
P2-20,61972,F214
P3-00,62208,F300
P3-01,62209,F301
P3-02,62210,F302
P3-03,62211,F303
P3-04,62212,F304
P3-05,62213,F305
P3-06,62214,F306
P3-07,62215,F307
P3-08,62216,F308
P3-09,62217,F309
P3-10,62218,F30A
P3-11,62219,F30B
P3-12,62220,F30C
P3-13,62221,F30D
P3-14,62222,F30E
P3-15,62223,F30F
P3-16,62224,F310
P3-17,62225,F311
P3-18,62226,F312
P3-19,62227,F313
P3-20,62228,F314
P3-21,62229,F315
P3-22,62230,F316
P3-23,62231,F317
P3-24,62232,F318
P3-25,62233,F319
P3-26,62234,F31A
P3-27,62235,F31B
P4-00,62464,F400
P4-01,62465,F401
P4-02,62466,F402
P4-03,62467,F403
P4-04,62468,F404
P4-05,62469,F405
P4-06,62470,F406
P4-07,62471,F407
P4-08,62472,F408
P4-09,62473,F409
P4-10,62474,F40A
P4-11,62475,F40B
P4-12,62476,F40C
P4-13,62477,F40D
P4-14,62478,F40E
P4-15,62479,F40F
P4-16,62480,F410
P4-17,62481,F411
P4-18,62482,F412
P4-19,62483,F413
P4-20,62484,F414
P4-21,62485,F415
P4-22,62486,F416
P4-23,62487,F417
P4-24,62488,F418
P4-25,62489,F419
P4-26,62490,F41A
P4-27,62491,F41B
P4-28,62492,F41C
P4-29,62493,F41D
P4-30,62494,F41E
P4-31,62495,F41F
P4-32,62496,F420
P4-33,62497,F421
P4-34,62498,F422
P4-35,62499,F423
P4-36,62500,F424
P4-37,62501,F425
P4-38,62502,F426
P4-39,62503,F427
P5-00,62720,F500
P5-01,62721,F501
P5-02,62722,F502
P5-03,62723,F503
P5-04,62724,F504
P5-05,62725,F505
P5-06,62726,F506
P5-07,62727,F507
P5-08,62728,F508
P5-09,62729,F509
P5-10,62730,F50A
P5-11,62731,F50B
P5-12,62732,F50C
P5-13,62733,F50D
P5-14,62734,F50E
P5-15,62735,F50F
P5-16,62736,F510
P5-17,62737,F511
P5-18,62738,F512
P5-19,62739,F513
P5-20,62740,F514
P5-21,62741,F515
P5-22,62742,F516
P6-00,62976,F600
P6-01,62977,F601
P6-02,62978,F602
P6-03,62979,F603
P6-04,62980,F604
P6-05,62981,F605
P6-06,62982,F606
P6-07,62983,F607
P6-08,62984,F608
P6-09,62985,F609
P6-10,62986,F60A
P6-11,62987,F60B
P6-12,62988,F60C
P6-13,62989,F60D
P6-14,62990,F60E
P6-15,62991,F60F
P6-16,62992,F610
P6-17,62993,F611
P6-18,62994,F612
P6-19,62995,F613
P6-20,62996,F614
P6-21,62997,F615
P6-22,62998,F616
P6-23,62999,F617
P6-24,63000,F618
P7-00,63232,F700
P7-01,63233,F701
P7-02,63234,F702
P7-03,63235,F703
P7-04,63236,F704
P7-05,63237,F705
P7-06,63238,F706
P7-07,63239,F707
P7-08,63240,F708
P7-09,63241,F709
P7-10,63242,F70A
P7-11,63243,F70B
P7-12,63244,F70C
P7-13,63245,F70D
P7-14,63246,F70E
P8-00,63488,F800
P8-01,63489,F801
P8-02,63490,F802
P8-03,63491,F803
P8-04,63492,F804
P8-05,63493,F805
P8-06,63494,F806
P8-07,63495,F807
P8-08,63496,F808
P8-09,63497,F809
P8-10,63498,F80A
P8-11,63499,F80B
P8-12,63500,F80C
P8-13,63501,F80D
P8-14,63502,F80E
P8-15,63503,F80F
P8-16,63504,F810
P8-17,63505,F811
P8-18,63506,F812
P8-19,63507,F813
P8-20,63508,F814
P8-21,63509,F815
P8-22,63510,F816
P8-23,63511,F817
P8-24,63512,F818
P8-25,63513,F819
P8-26,63514,F81A
P8-27,63515,F81B
P8-28,63516,F81C
P8-29,63517,F81D
P8-30,63518,F81E
P8-31,63519,F81F
P8-32,63520,F820
P8-33,63521,F821
P8-34,63522,F822
P8-35,63523,F823
P8-36,63524,F824
P8-37,63525,F825
P8-38,63526,F826
P8-39,63527,F827
P8-40,63528,F828
P8-41,63529,F829
P8-42,63530,F82A
P8-43,63531,F82B
P8-44,63532,F82C
P8-45,63533,F82D
P8-46,63534,F82E
P8-47,63535,F82F
P8-48,63536,F830
P8-49,63537,F831
P8-50,63538,F832
P8-51,63539,F833
P8-52,63540,F834
P8-53,63541,F835
